{
    "model": "IMSPCI",
    "response": {
        "baseType": "string",
        "cardinality": "single"
    },
    "typeIdentifier": "mathEntryInteraction",
    "label": "Math entry",
    "short": "Math entry",
    "description": "Allow test taker to type math formulas",
    "version": "1.3.2",
    "author": "Christophe Noël",
    "email": "christophe@taotesting.com",
    "tags": [
        "math"
    ],
    "runtime": {
        "hook": "./runtime/mathEntryInteraction.min.js",
        "modules" : {
            "mathEntryInteraction/runtime/mathEntryInteraction.min" : [
                "runtime/mathEntryInteraction.min.js"
            ]
        },
        "libraries": [],
        "mediaFiles": [
            "./runtime/mathquill/font/Symbola.eot",
            "./runtime/mathquill/font/Symbola.otf",
            "./runtime/mathquill/font/Symbola.svg",
            "./runtime/mathquill/font/Symbola.ttf",
            "./runtime/mathquill/font/Symbola.woff",
            "./runtime/mathquill/font/Symbola.woff2",
            "./runtime/mathquill/font/Symbola-basic.eot",
            "./runtime/mathquill/font/Symbola-basic.ttf",
            "./runtime/mathquill/font/Symbola-basic.woff",
            "./runtime/mathquill/font/Symbola-basic.woff2"
        ],
        "src": [
            "./runtime/mathEntryInteraction.js",
            "./runtime/mathquill/mathquill.js",
            "./runtime/polyfill/es6-collections.js"
        ],
        "stylesheets" : [
            "./runtime/css/mathEntryInteraction.css"
        ]
    },
    "creator" : {
        "icon": "./creator/img/icon.svg",
        "hook": "./imsPciCreator.min.js",
        "src" : [
            "./imsPciCreator.js",
            "./creator/tpl/markup.tpl",
            "./creator/tpl/propertiesForm.tpl",
            "./creator/tpl/addGapBtn.tpl",
            "./creator/tpl/addAnswerOption.tpl",
            "./creator/tpl/answerForm.tpl",
            "./creator/widget/Widget.js",
            "./creator/widget/states/Question.js",
            "./creator/widget/states/Map.js",
            "./creator/widget/states/Correct.js",
            "./runtime/css/mathEntryInteraction.css",
            "./runtime/mathquill/mathquill.css",
            "./creator/widget/states/states.js"
        ]
    }
}
